name,punchline,description,img_name
"London","The city of fog and bridges","London, the capital of England, is a city steeped in history and culture. It's famous for its iconic landmarks like Big Ben, the Tower Bridge, and the London Eye. The city is also home to some of the world's best museums, galleries, and theaters. London's diverse neighborhoods offer a unique blend of cultures and cuisines, making it a foodie's paradise. Whether you're taking a stroll through the streets of Camden, shopping in Oxford Street, or enjoying a pint in a traditional pub, there's always something to see and do in the city of fog and bridges.","london"
"Tokyo","The city of neon lights","Tokyo, the capital of Japan, is a city that seamlessly blends the past with the future. It's famous for its innovative technology, neon-lit streets, and towering skyscrapers. The city is also home to some of the world's best food, from sushi to ramen. Tokyo's diverse neighborhoods offer a unique blend of ancient traditions and modern culture, making it a fascinating place to explore. Whether you're visiting the Meiji Shrine, shopping in Harajuku, or catching a sumo match, there's always something new to discover in the city of the future.","tokyo"
"Paris","The city of love","Paris, the capital of France, is a city known for its romance, art, and fashion. It's famous for its iconic landmarks like the Eiffel Tower, the Louvre Museum, and the Notre-Dame Cathedral. The city is also a global center for fashion, cuisine, and culture. Paris' charming neighborhoods offer a unique blend of historic architecture and modern amenities, making it a city that's both timeless and trendy. Whether you're sipping coffee in a sidewalk cafe, strolling along the Seine River, or admiring the city's stunning architecture, Paris is the perfect destination for lovers of all ages.","paris"
"Dubai","The city of luxury","Dubai, the largest city in the United Arab Emirates, is a city that's synonymous with opulence and extravagance. It's famous for its stunning architecture, including the Burj Khalifa, the tallest building in the world, and the Palm Jumeirah, an artificial island shaped like a palm tree. The city is also a global center for luxury shopping, with designer boutiques and high-end malls. Dubai's diverse neighborhoods offer a unique blend of traditional Arabic culture and modern amenities, making it a fascinating place to explore. Whether you're visiting the Dubai Mall, skiing indoors at Ski Dubai, or enjoying a desert safari, there's always something to experience in the city of luxury.","dubai"
"Sydney","The city down under","Sydney, the largest city in Australia, is a city that's synonymous with beautiful beaches, iconic landmarks, and a laid-back lifestyle. It's famous for its stunning harbor, home to the Sydney Opera House and the Harbour Bridge. The city is also a global center for arts, culture, and entertainment. Sydney's diverse neighborhoods offer a unique blend of cultures and cuisines, making it a foodie's paradise. Whether you're exploring the bustling streets of Chinatown, surfing at Bondi Beach, or taking in the views from the Sydney Tower Eye, there's always something to see and do in the city down under.","sydney"
"Amsterdam","The city of canals","Amsterdam, the capital of the Netherlands, is a city that's synonymous with picturesque canals, historic architecture, and a liberal attitude. It's famous for its museums, like the Van Gogh Museum and the Rijksmuseum, and its coffee shops, where marijuana is legal. The city is also a global center for fashion, design, and innovation. Amsterdam's diverse neighborhoods offer a unique blend of cultures and cuisines, making it a foodie's paradise. Whether you're exploring the vibrant Jordaan district, cycling along the canals, or visiting the Anne Frank House, there's always something to see and do in the city of canals.","amsterdam"
"Singapore","The city-state","Singapore, a small island city-state in Southeast Asia, is a city that's synonymous with efficiency, cleanliness, and technology. It's famous for its stunning skyline, home to iconic landmarks like Marina Bay Sands and the Gardens by the Bay. The city is also a global center for finance, commerce, and culture. Singapore's diverse neighborhoods offer a unique blend of cultures and cuisines, making it a foodie's paradise. Whether you're exploring the historic Chinatown district, shopping on Orchard Road, or taking a dip in the infinity pool at Marina Bay Sands, there's always something to see and do in the city-state.","singapore"
"Istanbul","The city of two continents","Istanbul, the largest city in Turkey, is a city that's synonymous with history, culture, and stunning architecture. It's famous for its iconic landmarks like the Hagia Sophia, the Blue Mosque, and the Topkapi Palace. The city is also a global center for cuisine, with a diverse range of dishes influenced by Turkish, Middle Eastern, and Mediterranean flavors. Istanbul's diverse neighborhoods offer a unique blend of cultures and traditions, making it a fascinating place to explore. Whether you're strolling through the vibrant Grand Bazaar, taking a boat ride on the Bosphorus Strait, or enjoying a cup of Turkish coffee in a cozy café, there's always something to see and do in the city of two continents.","istanbul"
"Seoul","The city of the future","Seoul, the capital of South Korea, is a city that's synonymous with technology, fashion, and K-Pop. It's famous for its futuristic skyscrapers, like the Lotte World Tower and the Seoul Sky Observatory, and its vibrant street culture. The city is also a global center for business, finance, and innovation. Seoul's diverse neighborhoods offer a unique blend of traditional Korean culture and modern amenities, making it a fascinating place to explore. Whether you're shopping for the latest trends in Gangnam or exploring the historic Gyeongbokgung Palace, there's always something to see and do in the city of the future.","seoul"
"Toronto","The 6ix","Toronto, the largest city in Canada, is a city that's synonymous with diversity, culture, and entertainment. It's famous for its iconic landmarks, like the CN Tower and the Toronto Islands, and its vibrant arts scene. The city is also a global center for finance, technology, and food. Toronto's diverse neighborhoods offer a unique blend of cultures and cuisines, making it a foodie's paradise. Whether you're exploring the colorful streets of Kensington Market, watching a game at the Scotiabank Arena, or taking a stroll along the waterfront, there's always something to see and do in the 6ix.","toronto"
"Marrakech","The Red City","Marrakech, a major city in Morocco, is a city that's synonymous with vibrant colors, exotic scents, and traditional culture. It's famous for its bustling souks, like the Jemaa el-Fnaa square, and its stunning palaces, like the Bahia Palace and the El Badi Palace. The city is also a global center for cuisine, with a diverse range of dishes influenced by Moroccan, Arabic, and African flavors. Marrakech's diverse neighborhoods offer a unique blend of cultures and traditions, making it a fascinating place to explore. Whether you're relaxing in a hammam, haggling for a bargain in the souks, or admiring the intricate tile work of the Saadian Tombs, there's always something to see and do in the Red City.","marrakech"
"Barcelona","The City of Gaudi","Barcelona, a major city in Spain, is a city that's synonymous with art, architecture, and culture. It's famous for its stunning architecture, like the Sagrada Familia and the Park Guell, and its vibrant arts scene. The city is also a global center for cuisine, with a diverse range of dishes influenced by Catalan and Mediterranean flavors. Barcelona's diverse neighborhoods offer a unique blend of cultures and traditions, making it a fascinating place to explore. Whether you're taking a stroll down Las Ramblas, watching a soccer game at the Camp Nou, or enjoying some tapas in the Gothic Quarter, there's always something to see and do in the City of Gaudi.","barcelona"
"Los Angeles","The city of dreams","Los Angeles, also known as LA, is a city that's synonymous with Hollywood glamour and stardom. It's famous for its film industry, world-class museums, and stunning beaches. The city is also a global center for fashion, music, and entertainment. LA's diverse neighborhoods offer a unique blend of cultures and cuisines, making it a foodie's paradise. Whether you're exploring the Walk of Fame, sunbathing in Santa Monica, or shopping on Rodeo Drive, there's always something to see and do in the city of dreams.","los_angeles"
"Cape Town","The Mother City","Cape Town, the legislative capital of South Africa, is a city that's synonymous with natural beauty, history, and diverse cultures. It's famous for its stunning beaches, like Clifton and Camps Bay, and its iconic landmarks like Table Mountain and Robben Island. The city is also a global center for arts, culture, and wine. Cape Town's diverse neighborhoods offer a unique blend of African and European influences, making it a fascinating place to explore. Whether you're sampling local wines in the historic Stellenbosch region, visiting the colorful Bo-Kaap neighborhood, or taking a dip in the icy waters of the Cape of Good Hope, there's always something to see and do in the Mother City.","cape_town"
"San Francisco","The Golden City","San Francisco, a major city in California, is a city that's synonymous with innovation, culture, and natural beauty. It's famous for its iconic landmarks, like the Golden Gate Bridge and Alcatraz Island, and its vibrant arts scene. The city is also a global center for technology, finance, and cuisine. San Francisco's diverse neighborhoods offer a unique blend of cultures and cuisines, making it a foodie's paradise. Whether you're exploring the historic Haight-Ashbury district, taking a cable car ride through the hilly streets, or admiring the views from Twin Peaks, there's always something to see and do in the Golden City.","san_francisco"
"Rio de Janeiro","The cidade maravilhosa","Rio de Janeiro, the second-largest city in Brazil, is a city that's synonymous with samba, soccer, and sun-kissed beaches. It's famous for its Carnival festival, held every year before Lent, and its iconic landmarks like the Christ the Redeemer statue and Sugarloaf Mountain. The city is also a global center for music, dance, and culture. Rio's diverse neighborhoods offer a unique blend of traditional Brazilian culture and modern amenities, making it a city that's both vibrant and welcoming. Whether you're exploring the colorful streets of Santa Teresa, sipping caipirinhas on Copacabana Beach, or taking in the views from the top of the Selaron Stairs, there's always something to see and do in the cidade maravilhosa.","rio_de_janeiro"
"New York City","The city that never sleeps","New York City, often called the Big Apple, is a bustling metropolis with a population of over 8 million people. It's famous for its iconic landmarks like the Statue of Liberty, Central Park, and Times Square. It's also a global center for finance, fashion, art, and entertainment. The city's diverse neighborhoods offer a unique blend of cultures and cuisines, making it a foodie's paradise. Whether you're strolling through the streets of Manhattan, taking in the views from the Empire State Building, or catching a Broadway show, there's always something to see and do in the city that never sleeps.","new_york_city"
"Rome","When in Rome, do as the Romans do","Rome, the capital city of Italy, is a city steeped in history and culture. From the iconic Colosseum to the Vatican City, there are endless historical landmarks to visit. Rome is also known for its delicious food, especially its pasta dishes and gelato. The city has a vibrant nightlife scene, with bars and clubs staying open until the early hours of the morning. Visitors can also enjoy shopping in the city's many boutiques and markets, or taking a stroll through one of its many beautiful parks.","rome"
"Bergen","The Gateway to the Fjords","Bergen is a picturesque city located on the west coast of Norway. It is often called the Gateway to the Fjords because of its proximity to some of Norway's most stunning fjords. The city is surrounded by mountains and is known for its colorful wooden houses, which line the old wharf of Bryggen. Bergen is also a cultural hub, with many art galleries, museums, and music festivals throughout the year. Visitors can take a funicular to the top of Mount Floyen for panoramic views of the city and the surrounding fjords.","bergen"
"Munich","The Heart of Bavaria","Munich is the capital city of the Bavaria region of Germany. It is a city known for its traditional architecture, including the famous Neuschwanstein Castle, which inspired the design of Disney's Sleeping Beauty Castle. Munich is also famous for its beer and Oktoberfest celebrations, where millions of visitors flock to the city to enjoy the local brews, sausages, and pretzels. Visitors can also enjoy shopping on Maximilianstrasse, one of the city's most upscale shopping streets.","munich"
"Malta","The Jewel of the Mediterranean","Malta is a small island nation located in the Mediterranean Sea. Despite its small size, Malta is packed with history and culture, from the ancient ruins of Hagar Qim to the medieval walled city of Mdina. Malta is also known for its crystal-clear waters and beautiful beaches, making it a popular destination for snorkeling, diving, and swimming. Visitors can also enjoy the local cuisine, which features fresh seafood and traditional Maltese dishes like rabbit stew.","malta"
"La Spezia","The Gateway to the Cinque Terre","La Spezia is a port city located on the Ligurian Sea in northern Italy. It is known as the Gateway to the Cinque Terre, a series of five picturesque towns along the Italian Riviera. La Spezia itself is a charming city, with a beautiful old town full of narrow streets and colorful houses. Visitors can also enjoy the city's many museums and galleries, or take a boat tour of the nearby islands of Palmaria, Tino, and Tinetto.","la_spezia"
"Oslo","The City of Vikings","Oslo, the capital of Norway, is a charming and vibrant city that offers visitors a unique blend of Scandinavian culture, natural beauty, and modern amenities. There are plenty of things to do and see in Oslo, starting with a visit to the famous Viking Ship Museum, where you can marvel at the ancient vessels that once roamed the seas. For art lovers, the Munch Museum is a must-see, showcasing the works of Norwegian artist Edvard Munch, including his most famous painting, 'The Scream'. Nature enthusiasts will appreciate the stunning scenery and fresh air at the Oslo Fjord, where you can take a boat tour or simply relax on the beaches. For a taste of the local culture, head to the lively Grünerløkka neighborhood, where you can browse the trendy boutiques, sip coffee in a cozy café, or enjoy a pint of locally brewed beer in one of the many pubs. No visit to Oslo is complete without a trip to the top of the Holmenkollen Ski Jump, where you can take in breathtaking views of the city and even try your hand at skiing or snowboarding on the adjacent slopes. With its rich history, lively cultural scene, and stunning natural surroundings, Oslo truly has something for everyone.","oslo"
